,row_id,Gene_Set,symbol
0,1,GOBP_CELLULAR_RESPONSE_TO_IRON_ION,B2m
1,1,GOBP_CELLULAR_RESPONSE_TO_IRON_ION,Bmp6
2,1,GOBP_CELLULAR_RESPONSE_TO_IRON_ION,Gpld1
3,1,GOBP_CELLULAR_RESPONSE_TO_IRON_ION,Hfe
4,1,GOBP_CELLULAR_RESPONSE_TO_IRON_ION,Ireb2
5,1,GOBP_CELLULAR_RESPONSE_TO_IRON_ION,Tfap2a
6,1,GOBP_CELLULAR_RESPONSE_TO_IRON_ION,Tfr2
7,1,GOBP_CELLULAR_RESPONSE_TO_IRON_ION,Tfrc
8,1,GOBP_CELLULAR_RESPONSE_TO_IRON_ION,Trf
9,2,GOBP_INTRACELLULAR_IRON_ION_HOMEOSTASIS,Abcb7
10,2,GOBP_INTRACELLULAR_IRON_ION_HOMEOSTASIS,Aco1
11,2,GOBP_INTRACELLULAR_IRON_ION_HOMEOSTASIS,Alas2
12,2,GOBP_INTRACELLULAR_IRON_ION_HOMEOSTASIS,Atp13a2
13,2,GOBP_INTRACELLULAR_IRON_ION_HOMEOSTASIS,Atp6ap1
14,2,GOBP_INTRACELLULAR_IRON_ION_HOMEOSTASIS,Atp6v0a2
15,2,GOBP_INTRACELLULAR_IRON_ION_HOMEOSTASIS,Atp6v0d1
16,2,GOBP_INTRACELLULAR_IRON_ION_HOMEOSTASIS,Atp6v1a
17,2,GOBP_INTRACELLULAR_IRON_ION_HOMEOSTASIS,Atp6v1g1
18,2,GOBP_INTRACELLULAR_IRON_ION_HOMEOSTASIS,B2m
19,2,GOBP_INTRACELLULAR_IRON_ION_HOMEOSTASIS,Bdh2
20,2,GOBP_INTRACELLULAR_IRON_ION_HOMEOSTASIS,Bmp6
21,2,GOBP_INTRACELLULAR_IRON_ION_HOMEOSTASIS,Bmyc
22,2,GOBP_INTRACELLULAR_IRON_ION_HOMEOSTASIS,Bola2
23,2,GOBP_INTRACELLULAR_IRON_ION_HOMEOSTASIS,Ccdc115
24,2,GOBP_INTRACELLULAR_IRON_ION_HOMEOSTASIS,Cp
25,2,GOBP_INTRACELLULAR_IRON_ION_HOMEOSTASIS,Cyb561
26,2,GOBP_INTRACELLULAR_IRON_ION_HOMEOSTASIS,Cyb561a3
27,2,GOBP_INTRACELLULAR_IRON_ION_HOMEOSTASIS,Cybrd1
28,2,GOBP_INTRACELLULAR_IRON_ION_HOMEOSTASIS,Egln1
29,2,GOBP_INTRACELLULAR_IRON_ION_HOMEOSTASIS,Erfe
30,2,GOBP_INTRACELLULAR_IRON_ION_HOMEOSTASIS,Fbxl5
31,2,GOBP_INTRACELLULAR_IRON_ION_HOMEOSTASIS,Frrs1
32,2,GOBP_INTRACELLULAR_IRON_ION_HOMEOSTASIS,Ftdc1
33,2,GOBP_INTRACELLULAR_IRON_ION_HOMEOSTASIS,Ftdc2
34,2,GOBP_INTRACELLULAR_IRON_ION_HOMEOSTASIS,Fth1
35,2,GOBP_INTRACELLULAR_IRON_ION_HOMEOSTASIS,Fthl17a
36,2,GOBP_INTRACELLULAR_IRON_ION_HOMEOSTASIS,Fthl17b
37,2,GOBP_INTRACELLULAR_IRON_ION_HOMEOSTASIS,Fthl17c
38,2,GOBP_INTRACELLULAR_IRON_ION_HOMEOSTASIS,Fthl17d
39,2,GOBP_INTRACELLULAR_IRON_ION_HOMEOSTASIS,Fthl17e
40,2,GOBP_INTRACELLULAR_IRON_ION_HOMEOSTASIS,Fthl17f
41,2,GOBP_INTRACELLULAR_IRON_ION_HOMEOSTASIS,Ftl1
42,2,GOBP_INTRACELLULAR_IRON_ION_HOMEOSTASIS,Ftl2-ps
43,2,GOBP_INTRACELLULAR_IRON_ION_HOMEOSTASIS,Ftmt
44,2,GOBP_INTRACELLULAR_IRON_ION_HOMEOSTASIS,Fxn
45,2,GOBP_INTRACELLULAR_IRON_ION_HOMEOSTASIS,Gdf2
46,2,GOBP_INTRACELLULAR_IRON_ION_HOMEOSTASIS,Glrx3
47,2,GOBP_INTRACELLULAR_IRON_ION_HOMEOSTASIS,Hamp
48,2,GOBP_INTRACELLULAR_IRON_ION_HOMEOSTASIS,Hamp2
49,2,GOBP_INTRACELLULAR_IRON_ION_HOMEOSTASIS,Hephl1
50,2,GOBP_INTRACELLULAR_IRON_ION_HOMEOSTASIS,Hfe
51,2,GOBP_INTRACELLULAR_IRON_ION_HOMEOSTASIS,Hif1a
52,2,GOBP_INTRACELLULAR_IRON_ION_HOMEOSTASIS,Hjv
53,2,GOBP_INTRACELLULAR_IRON_ION_HOMEOSTASIS,Hmox1
54,2,GOBP_INTRACELLULAR_IRON_ION_HOMEOSTASIS,Hpx
55,2,GOBP_INTRACELLULAR_IRON_ION_HOMEOSTASIS,Ifng
56,2,GOBP_INTRACELLULAR_IRON_ION_HOMEOSTASIS,Ireb2
57,2,GOBP_INTRACELLULAR_IRON_ION_HOMEOSTASIS,Iscu
58,2,GOBP_INTRACELLULAR_IRON_ION_HOMEOSTASIS,Lcn2
59,2,GOBP_INTRACELLULAR_IRON_ION_HOMEOSTASIS,Meltf
60,2,GOBP_INTRACELLULAR_IRON_ION_HOMEOSTASIS,Mon1a
61,2,GOBP_INTRACELLULAR_IRON_ION_HOMEOSTASIS,Myc
62,2,GOBP_INTRACELLULAR_IRON_ION_HOMEOSTASIS,Naglu
63,2,GOBP_INTRACELLULAR_IRON_ION_HOMEOSTASIS,Ncoa4
64,2,GOBP_INTRACELLULAR_IRON_ION_HOMEOSTASIS,Ndfip1
65,2,GOBP_INTRACELLULAR_IRON_ION_HOMEOSTASIS,Neo1
66,2,GOBP_INTRACELLULAR_IRON_ION_HOMEOSTASIS,Nubp1
67,2,GOBP_INTRACELLULAR_IRON_ION_HOMEOSTASIS,Picalm
68,2,GOBP_INTRACELLULAR_IRON_ION_HOMEOSTASIS,Scara5
69,2,GOBP_INTRACELLULAR_IRON_ION_HOMEOSTASIS,Slc11a1
70,2,GOBP_INTRACELLULAR_IRON_ION_HOMEOSTASIS,Slc11a2
71,2,GOBP_INTRACELLULAR_IRON_ION_HOMEOSTASIS,Slc39a14
72,2,GOBP_INTRACELLULAR_IRON_ION_HOMEOSTASIS,Slc39a8
73,2,GOBP_INTRACELLULAR_IRON_ION_HOMEOSTASIS,Slc40a1
74,2,GOBP_INTRACELLULAR_IRON_ION_HOMEOSTASIS,Smad4
75,2,GOBP_INTRACELLULAR_IRON_ION_HOMEOSTASIS,Sod1
76,2,GOBP_INTRACELLULAR_IRON_ION_HOMEOSTASIS,Steap2
77,2,GOBP_INTRACELLULAR_IRON_ION_HOMEOSTASIS,Steap3
78,2,GOBP_INTRACELLULAR_IRON_ION_HOMEOSTASIS,Steap4
79,2,GOBP_INTRACELLULAR_IRON_ION_HOMEOSTASIS,Tfr2
80,2,GOBP_INTRACELLULAR_IRON_ION_HOMEOSTASIS,Tfrc
81,2,GOBP_INTRACELLULAR_IRON_ION_HOMEOSTASIS,Tmem199
82,2,GOBP_INTRACELLULAR_IRON_ION_HOMEOSTASIS,Tmprss6
83,2,GOBP_INTRACELLULAR_IRON_ION_HOMEOSTASIS,Trf
84,2,GOBP_INTRACELLULAR_IRON_ION_HOMEOSTASIS,Ttc7
85,3,GOBP_IRON_COORDINATION_ENTITY_TRANSPORT,Abcb6
86,3,GOBP_IRON_COORDINATION_ENTITY_TRANSPORT,Abcb7
87,3,GOBP_IRON_COORDINATION_ENTITY_TRANSPORT,Abcc5
88,3,GOBP_IRON_COORDINATION_ENTITY_TRANSPORT,Flvcr1
89,3,GOBP_IRON_COORDINATION_ENTITY_TRANSPORT,Flvcr2
90,3,GOBP_IRON_COORDINATION_ENTITY_TRANSPORT,Hpx
91,3,GOBP_IRON_COORDINATION_ENTITY_TRANSPORT,Lcn2
92,3,GOBP_IRON_COORDINATION_ENTITY_TRANSPORT,Pgrmc2
93,3,GOBP_IRON_COORDINATION_ENTITY_TRANSPORT,Slc22a17
94,3,GOBP_IRON_COORDINATION_ENTITY_TRANSPORT,Slc46a1
95,3,GOBP_IRON_COORDINATION_ENTITY_TRANSPORT,Slc48a1
96,4,GOBP_IRON_ION_IMPORT_ACROSS_PLASMA_MEMBRANE,Ifng
97,4,GOBP_IRON_ION_IMPORT_ACROSS_PLASMA_MEMBRANE,Iscu
98,4,GOBP_IRON_ION_IMPORT_ACROSS_PLASMA_MEMBRANE,Lcn2
99,4,GOBP_IRON_ION_IMPORT_ACROSS_PLASMA_MEMBRANE,Slc39a8
100,4,GOBP_IRON_ION_IMPORT_ACROSS_PLASMA_MEMBRANE,Steap2
101,5,GOBP_IRON_ION_TRANSMEMBRANE_TRANSPORT,Abcb6
102,5,GOBP_IRON_ION_TRANSMEMBRANE_TRANSPORT,Abcb7
103,5,GOBP_IRON_ION_TRANSMEMBRANE_TRANSPORT,Abcc5
104,5,GOBP_IRON_ION_TRANSMEMBRANE_TRANSPORT,Atp7a
105,5,GOBP_IRON_ION_TRANSMEMBRANE_TRANSPORT,Fxn
106,5,GOBP_IRON_ION_TRANSMEMBRANE_TRANSPORT,Hamp
107,5,GOBP_IRON_ION_TRANSMEMBRANE_TRANSPORT,Hamp2
108,5,GOBP_IRON_ION_TRANSMEMBRANE_TRANSPORT,Hif1a
109,5,GOBP_IRON_ION_TRANSMEMBRANE_TRANSPORT,Ifng
110,5,GOBP_IRON_ION_TRANSMEMBRANE_TRANSPORT,Iscu
111,5,GOBP_IRON_ION_TRANSMEMBRANE_TRANSPORT,Lcn2
112,5,GOBP_IRON_ION_TRANSMEMBRANE_TRANSPORT,Nos1
113,5,GOBP_IRON_ION_TRANSMEMBRANE_TRANSPORT,Scara5
114,5,GOBP_IRON_ION_TRANSMEMBRANE_TRANSPORT,Slc11a1
115,5,GOBP_IRON_ION_TRANSMEMBRANE_TRANSPORT,Slc11a2
116,5,GOBP_IRON_ION_TRANSMEMBRANE_TRANSPORT,Slc25a28
117,5,GOBP_IRON_ION_TRANSMEMBRANE_TRANSPORT,Slc25a37
118,5,GOBP_IRON_ION_TRANSMEMBRANE_TRANSPORT,Slc39a14
119,5,GOBP_IRON_ION_TRANSMEMBRANE_TRANSPORT,Slc39a8
120,5,GOBP_IRON_ION_TRANSMEMBRANE_TRANSPORT,Slc40a1
121,5,GOBP_IRON_ION_TRANSMEMBRANE_TRANSPORT,Slc48a1
122,5,GOBP_IRON_ION_TRANSMEMBRANE_TRANSPORT,Steap1
123,5,GOBP_IRON_ION_TRANSMEMBRANE_TRANSPORT,Steap2
124,5,GOBP_IRON_ION_TRANSMEMBRANE_TRANSPORT,Steap3
125,5,GOBP_IRON_ION_TRANSMEMBRANE_TRANSPORT,Steap4
126,6,GOBP_IRON_ION_TRANSPORT,Abcb6
127,6,GOBP_IRON_ION_TRANSPORT,Abcb7
128,6,GOBP_IRON_ION_TRANSPORT,Abcc5
129,6,GOBP_IRON_ION_TRANSPORT,Arhgap1
130,6,GOBP_IRON_ION_TRANSPORT,Atp7a
131,6,GOBP_IRON_ION_TRANSPORT,B2m
132,6,GOBP_IRON_ION_TRANSPORT,Cltc
133,6,GOBP_IRON_ION_TRANSPORT,Cp
134,6,GOBP_IRON_ION_TRANSPORT,Dnm2
135,6,GOBP_IRON_ION_TRANSPORT,Flvcr1
136,6,GOBP_IRON_ION_TRANSPORT,Flvcr2
137,6,GOBP_IRON_ION_TRANSPORT,Fth1
138,6,GOBP_IRON_ION_TRANSPORT,Ftmt
139,6,GOBP_IRON_ION_TRANSPORT,Fxn
140,6,GOBP_IRON_ION_TRANSPORT,Hamp
141,6,GOBP_IRON_ION_TRANSPORT,Hamp2
142,6,GOBP_IRON_ION_TRANSPORT,Heph
143,6,GOBP_IRON_ION_TRANSPORT,Hephl1
144,6,GOBP_IRON_ION_TRANSPORT,Hfe
145,6,GOBP_IRON_ION_TRANSPORT,Hif1a
146,6,GOBP_IRON_ION_TRANSPORT,Hpx
147,6,GOBP_IRON_ION_TRANSPORT,Hsd3b2
148,6,GOBP_IRON_ION_TRANSPORT,Hsd3b3
149,6,GOBP_IRON_ION_TRANSPORT,Hsd3b6
150,6,GOBP_IRON_ION_TRANSPORT,Ifng
151,6,GOBP_IRON_ION_TRANSPORT,Inhca
152,6,GOBP_IRON_ION_TRANSPORT,Iscu
153,6,GOBP_IRON_ION_TRANSPORT,Lcn2
154,6,GOBP_IRON_ION_TRANSPORT,Lmtk2
155,6,GOBP_IRON_ION_TRANSPORT,Ltf
156,6,GOBP_IRON_ION_TRANSPORT,Meltf
157,6,GOBP_IRON_ION_TRANSPORT,Mmgt1
158,6,GOBP_IRON_ION_TRANSPORT,Myo1b
159,6,GOBP_IRON_ION_TRANSPORT,Nectin1
160,6,GOBP_IRON_ION_TRANSPORT,Nos1
161,6,GOBP_IRON_ION_TRANSPORT,Pgrmc2
162,6,GOBP_IRON_ION_TRANSPORT,Rab11b
163,6,GOBP_IRON_ION_TRANSPORT,Rep15
164,6,GOBP_IRON_ION_TRANSPORT,Scara5
165,6,GOBP_IRON_ION_TRANSPORT,Sfxn1
166,6,GOBP_IRON_ION_TRANSPORT,Slc11a1
167,6,GOBP_IRON_ION_TRANSPORT,Slc11a2
168,6,GOBP_IRON_ION_TRANSPORT,Slc22a17
169,6,GOBP_IRON_ION_TRANSPORT,Slc25a28
170,6,GOBP_IRON_ION_TRANSPORT,Slc25a37
171,6,GOBP_IRON_ION_TRANSPORT,Slc39a14
172,6,GOBP_IRON_ION_TRANSPORT,Slc39a8
173,6,GOBP_IRON_ION_TRANSPORT,Slc40a1
174,6,GOBP_IRON_ION_TRANSPORT,Slc41a2
175,6,GOBP_IRON_ION_TRANSPORT,Slc46a1
176,6,GOBP_IRON_ION_TRANSPORT,Slc48a1
177,6,GOBP_IRON_ION_TRANSPORT,Snx3
178,6,GOBP_IRON_ION_TRANSPORT,Steap1
179,6,GOBP_IRON_ION_TRANSPORT,Steap2
180,6,GOBP_IRON_ION_TRANSPORT,Steap3
181,6,GOBP_IRON_ION_TRANSPORT,Steap4
182,6,GOBP_IRON_ION_TRANSPORT,Tfr2
183,6,GOBP_IRON_ION_TRANSPORT,Tfrc
184,6,GOBP_IRON_ION_TRANSPORT,Timd2
185,6,GOBP_IRON_ION_TRANSPORT,Trf
186,7,GOBP_MULTICELLULAR_ORGANISMAL_LEVEL_IRON_ION_HOMEOSTASIS,Ank1
187,7,GOBP_MULTICELLULAR_ORGANISMAL_LEVEL_IRON_ION_HOMEOSTASIS,B2m
188,7,GOBP_MULTICELLULAR_ORGANISMAL_LEVEL_IRON_ION_HOMEOSTASIS,Bmp6
189,7,GOBP_MULTICELLULAR_ORGANISMAL_LEVEL_IRON_ION_HOMEOSTASIS,Btbd9
190,7,GOBP_MULTICELLULAR_ORGANISMAL_LEVEL_IRON_ION_HOMEOSTASIS,Cybrd1
191,7,GOBP_MULTICELLULAR_ORGANISMAL_LEVEL_IRON_ION_HOMEOSTASIS,Eif2ak1
192,7,GOBP_MULTICELLULAR_ORGANISMAL_LEVEL_IRON_ION_HOMEOSTASIS,Epas1
193,7,GOBP_MULTICELLULAR_ORGANISMAL_LEVEL_IRON_ION_HOMEOSTASIS,Epb42
194,7,GOBP_MULTICELLULAR_ORGANISMAL_LEVEL_IRON_ION_HOMEOSTASIS,Fbxl5
195,7,GOBP_MULTICELLULAR_ORGANISMAL_LEVEL_IRON_ION_HOMEOSTASIS,Fech
196,7,GOBP_MULTICELLULAR_ORGANISMAL_LEVEL_IRON_ION_HOMEOSTASIS,Hamp
197,7,GOBP_MULTICELLULAR_ORGANISMAL_LEVEL_IRON_ION_HOMEOSTASIS,Hamp2
198,7,GOBP_MULTICELLULAR_ORGANISMAL_LEVEL_IRON_ION_HOMEOSTASIS,Hephl1
199,7,GOBP_MULTICELLULAR_ORGANISMAL_LEVEL_IRON_ION_HOMEOSTASIS,Hfe
200,7,GOBP_MULTICELLULAR_ORGANISMAL_LEVEL_IRON_ION_HOMEOSTASIS,Hjv
201,7,GOBP_MULTICELLULAR_ORGANISMAL_LEVEL_IRON_ION_HOMEOSTASIS,Hmox1
202,7,GOBP_MULTICELLULAR_ORGANISMAL_LEVEL_IRON_ION_HOMEOSTASIS,Htt
203,7,GOBP_MULTICELLULAR_ORGANISMAL_LEVEL_IRON_ION_HOMEOSTASIS,Hyal2
204,7,GOBP_MULTICELLULAR_ORGANISMAL_LEVEL_IRON_ION_HOMEOSTASIS,Ireb2
205,7,GOBP_MULTICELLULAR_ORGANISMAL_LEVEL_IRON_ION_HOMEOSTASIS,Mir122
206,7,GOBP_MULTICELLULAR_ORGANISMAL_LEVEL_IRON_ION_HOMEOSTASIS,Mir17
207,7,GOBP_MULTICELLULAR_ORGANISMAL_LEVEL_IRON_ION_HOMEOSTASIS,Naglu
208,7,GOBP_MULTICELLULAR_ORGANISMAL_LEVEL_IRON_ION_HOMEOSTASIS,Neo1
209,7,GOBP_MULTICELLULAR_ORGANISMAL_LEVEL_IRON_ION_HOMEOSTASIS,Picalm
210,7,GOBP_MULTICELLULAR_ORGANISMAL_LEVEL_IRON_ION_HOMEOSTASIS,Rhag
211,7,GOBP_MULTICELLULAR_ORGANISMAL_LEVEL_IRON_ION_HOMEOSTASIS,Rhd
212,7,GOBP_MULTICELLULAR_ORGANISMAL_LEVEL_IRON_ION_HOMEOSTASIS,Slc11a1
213,7,GOBP_MULTICELLULAR_ORGANISMAL_LEVEL_IRON_ION_HOMEOSTASIS,Slc11a2
214,7,GOBP_MULTICELLULAR_ORGANISMAL_LEVEL_IRON_ION_HOMEOSTASIS,Slc40a1
215,7,GOBP_MULTICELLULAR_ORGANISMAL_LEVEL_IRON_ION_HOMEOSTASIS,Sod2
216,7,GOBP_MULTICELLULAR_ORGANISMAL_LEVEL_IRON_ION_HOMEOSTASIS,Tfr2
217,7,GOBP_MULTICELLULAR_ORGANISMAL_LEVEL_IRON_ION_HOMEOSTASIS,Tmprss6
218,8,GOBP_NEGATIVE_REGULATION_OF_IRON_ION_TRANSMEMBRANE_TRANSPORT,Atp7a
219,8,GOBP_NEGATIVE_REGULATION_OF_IRON_ION_TRANSMEMBRANE_TRANSPORT,Hamp
220,8,GOBP_NEGATIVE_REGULATION_OF_IRON_ION_TRANSMEMBRANE_TRANSPORT,Hamp2
221,8,GOBP_NEGATIVE_REGULATION_OF_IRON_ION_TRANSMEMBRANE_TRANSPORT,Iscu
222,8,GOBP_NEGATIVE_REGULATION_OF_IRON_ION_TRANSMEMBRANE_TRANSPORT,Nos1
223,9,GOBP_NEGATIVE_REGULATION_OF_IRON_ION_TRANSPORT,Atp7a
224,9,GOBP_NEGATIVE_REGULATION_OF_IRON_ION_TRANSPORT,Hamp
225,9,GOBP_NEGATIVE_REGULATION_OF_IRON_ION_TRANSPORT,Hamp2
226,9,GOBP_NEGATIVE_REGULATION_OF_IRON_ION_TRANSPORT,Hsd3b2
227,9,GOBP_NEGATIVE_REGULATION_OF_IRON_ION_TRANSPORT,Hsd3b3
228,9,GOBP_NEGATIVE_REGULATION_OF_IRON_ION_TRANSPORT,Hsd3b6
229,9,GOBP_NEGATIVE_REGULATION_OF_IRON_ION_TRANSPORT,Iscu
230,9,GOBP_NEGATIVE_REGULATION_OF_IRON_ION_TRANSPORT,Nos1
231,10,GOBP_REGULATION_OF_IRON_ION_TRANSMEMBRANE_TRANSPORT,Atp7a
232,10,GOBP_REGULATION_OF_IRON_ION_TRANSMEMBRANE_TRANSPORT,Hamp
233,10,GOBP_REGULATION_OF_IRON_ION_TRANSMEMBRANE_TRANSPORT,Hamp2
234,10,GOBP_REGULATION_OF_IRON_ION_TRANSMEMBRANE_TRANSPORT,Ifng
235,10,GOBP_REGULATION_OF_IRON_ION_TRANSMEMBRANE_TRANSPORT,Iscu
236,10,GOBP_REGULATION_OF_IRON_ION_TRANSMEMBRANE_TRANSPORT,Lcn2
237,10,GOBP_REGULATION_OF_IRON_ION_TRANSMEMBRANE_TRANSPORT,Nos1
238,11,GOBP_REGULATION_OF_IRON_ION_TRANSPORT,Atp7a
239,11,GOBP_REGULATION_OF_IRON_ION_TRANSPORT,B2m
240,11,GOBP_REGULATION_OF_IRON_ION_TRANSPORT,Hamp
241,11,GOBP_REGULATION_OF_IRON_ION_TRANSPORT,Hamp2
242,11,GOBP_REGULATION_OF_IRON_ION_TRANSPORT,Hfe
243,11,GOBP_REGULATION_OF_IRON_ION_TRANSPORT,Hsd3b2
244,11,GOBP_REGULATION_OF_IRON_ION_TRANSPORT,Hsd3b3
245,11,GOBP_REGULATION_OF_IRON_ION_TRANSPORT,Hsd3b6
246,11,GOBP_REGULATION_OF_IRON_ION_TRANSPORT,Ifng
247,11,GOBP_REGULATION_OF_IRON_ION_TRANSPORT,Iscu
248,11,GOBP_REGULATION_OF_IRON_ION_TRANSPORT,Lcn2
249,11,GOBP_REGULATION_OF_IRON_ION_TRANSPORT,Nos1
250,11,GOBP_REGULATION_OF_IRON_ION_TRANSPORT,Trf
251,12,GOBP_RESPONSE_TO_IRON_ION,Abat
252,12,GOBP_RESPONSE_TO_IRON_ION,Aco1
253,12,GOBP_RESPONSE_TO_IRON_ION,B2m
254,12,GOBP_RESPONSE_TO_IRON_ION,Bcl2
255,12,GOBP_RESPONSE_TO_IRON_ION,Bmp6
256,12,GOBP_RESPONSE_TO_IRON_ION,Casp6
257,12,GOBP_RESPONSE_TO_IRON_ION,Cybrd1
258,12,GOBP_RESPONSE_TO_IRON_ION,Fxn
259,12,GOBP_RESPONSE_TO_IRON_ION,Gpld1
260,12,GOBP_RESPONSE_TO_IRON_ION,Hamp
261,12,GOBP_RESPONSE_TO_IRON_ION,Hamp2
262,12,GOBP_RESPONSE_TO_IRON_ION,Hfe
263,12,GOBP_RESPONSE_TO_IRON_ION,Ireb2
264,12,GOBP_RESPONSE_TO_IRON_ION,Lct
265,12,GOBP_RESPONSE_TO_IRON_ION,Snca
266,12,GOBP_RESPONSE_TO_IRON_ION,Tfap2a
267,12,GOBP_RESPONSE_TO_IRON_ION,Tfr2
268,12,GOBP_RESPONSE_TO_IRON_ION,Tfrc
269,12,GOBP_RESPONSE_TO_IRON_ION,Trf
270,13,GOBP_SEQUESTERING_OF_IRON_ION,Bdh2
271,13,GOBP_SEQUESTERING_OF_IRON_ION,Ftdc1
272,13,GOBP_SEQUESTERING_OF_IRON_ION,Ftdc2
273,13,GOBP_SEQUESTERING_OF_IRON_ION,Fth1
274,13,GOBP_SEQUESTERING_OF_IRON_ION,Fthl17a
275,13,GOBP_SEQUESTERING_OF_IRON_ION,Fthl17b
276,13,GOBP_SEQUESTERING_OF_IRON_ION,Fthl17c
277,13,GOBP_SEQUESTERING_OF_IRON_ION,Fthl17d
278,13,GOBP_SEQUESTERING_OF_IRON_ION,Fthl17e
279,13,GOBP_SEQUESTERING_OF_IRON_ION,Fthl17f
280,13,GOBP_SEQUESTERING_OF_IRON_ION,Ftl1
281,13,GOBP_SEQUESTERING_OF_IRON_ION,Ftl2-ps
282,13,GOBP_SEQUESTERING_OF_IRON_ION,Ftmt
283,13,GOBP_SEQUESTERING_OF_IRON_ION,Naglu
284,14,GOMF_FERRIC_IRON_BINDING,Acp5
285,14,GOMF_FERRIC_IRON_BINDING,Ftdc1
286,14,GOMF_FERRIC_IRON_BINDING,Ftdc2
287,14,GOMF_FERRIC_IRON_BINDING,Fth1
288,14,GOMF_FERRIC_IRON_BINDING,Fthl17a
289,14,GOMF_FERRIC_IRON_BINDING,Fthl17b
290,14,GOMF_FERRIC_IRON_BINDING,Fthl17c
291,14,GOMF_FERRIC_IRON_BINDING,Fthl17d
292,14,GOMF_FERRIC_IRON_BINDING,Fthl17e
293,14,GOMF_FERRIC_IRON_BINDING,Fthl17f
294,14,GOMF_FERRIC_IRON_BINDING,Ftl1
295,14,GOMF_FERRIC_IRON_BINDING,Ftl2-ps
296,14,GOMF_FERRIC_IRON_BINDING,Ftmt
297,14,GOMF_FERRIC_IRON_BINDING,Fxn
298,14,GOMF_FERRIC_IRON_BINDING,Miox
299,14,GOMF_FERRIC_IRON_BINDING,Rrm2
300,14,GOMF_FERRIC_IRON_BINDING,Th
301,14,GOMF_FERRIC_IRON_BINDING,Trf
302,15,GOMF_FERROUS_IRON_BINDING,Acp5
303,15,GOMF_FERROUS_IRON_BINDING,Alkbh1
304,15,GOMF_FERROUS_IRON_BINDING,Alkbh2
305,15,GOMF_FERROUS_IRON_BINDING,Alkbh3
306,15,GOMF_FERROUS_IRON_BINDING,Cdo1
307,15,GOMF_FERROUS_IRON_BINDING,Dnajc24
308,15,GOMF_FERROUS_IRON_BINDING,Egln1
309,15,GOMF_FERROUS_IRON_BINDING,Egln2
310,15,GOMF_FERROUS_IRON_BINDING,Egln3
311,15,GOMF_FERROUS_IRON_BINDING,Ftdc1
312,15,GOMF_FERROUS_IRON_BINDING,Ftdc2
313,15,GOMF_FERROUS_IRON_BINDING,Fth1
314,15,GOMF_FERROUS_IRON_BINDING,Fthl17a
315,15,GOMF_FERROUS_IRON_BINDING,Fthl17b
316,15,GOMF_FERROUS_IRON_BINDING,Fthl17c
317,15,GOMF_FERROUS_IRON_BINDING,Fthl17d
318,15,GOMF_FERROUS_IRON_BINDING,Fthl17e
319,15,GOMF_FERROUS_IRON_BINDING,Fthl17f
320,15,GOMF_FERROUS_IRON_BINDING,Ftl1
321,15,GOMF_FERROUS_IRON_BINDING,Ftl2-ps
322,15,GOMF_FERROUS_IRON_BINDING,Ftmt
323,15,GOMF_FERROUS_IRON_BINDING,Fto
324,15,GOMF_FERROUS_IRON_BINDING,Fxn
325,15,GOMF_FERROUS_IRON_BINDING,Haao
326,15,GOMF_FERROUS_IRON_BINDING,Heph
327,15,GOMF_FERROUS_IRON_BINDING,Hif1an
328,15,GOMF_FERROUS_IRON_BINDING,Iscu
329,15,GOMF_FERROUS_IRON_BINDING,Nt5e
330,15,GOMF_FERROUS_IRON_BINDING,Phyh
331,15,GOMF_FERROUS_IRON_BINDING,Plod1
332,15,GOMF_FERROUS_IRON_BINDING,Snca
333,15,GOMF_FERROUS_IRON_BINDING,Tet2
334,15,GOMF_FERROUS_IRON_BINDING,Th
335,15,GOMF_FERROUS_IRON_BINDING,Trf
336,15,GOMF_FERROUS_IRON_BINDING,Urod
337,16,GOMF_FERROUS_IRON_TRANSMEMBRANE_TRANSPORTER_ACTIVITY,Mmgt1
338,16,GOMF_FERROUS_IRON_TRANSMEMBRANE_TRANSPORTER_ACTIVITY,Slc11a2
339,16,GOMF_FERROUS_IRON_TRANSMEMBRANE_TRANSPORTER_ACTIVITY,Slc25a28
340,16,GOMF_FERROUS_IRON_TRANSMEMBRANE_TRANSPORTER_ACTIVITY,Slc25a37
341,16,GOMF_FERROUS_IRON_TRANSMEMBRANE_TRANSPORTER_ACTIVITY,Slc39a14
342,16,GOMF_FERROUS_IRON_TRANSMEMBRANE_TRANSPORTER_ACTIVITY,Slc40a1
343,17,GOMF_IRON_ION_BINDING,Abce1
344,17,GOMF_IRON_ION_BINDING,Aco2
345,17,GOMF_IRON_ION_BINDING,Acp5
346,17,GOMF_IRON_ION_BINDING,Ado
347,17,GOMF_IRON_ION_BINDING,Agmo
348,17,GOMF_IRON_ION_BINDING,Alkbh1
349,17,GOMF_IRON_ION_BINDING,Alkbh2
350,17,GOMF_IRON_ION_BINDING,Alkbh3
351,17,GOMF_IRON_ION_BINDING,Alkbh8
352,17,GOMF_IRON_ION_BINDING,Alox12
353,17,GOMF_IRON_ION_BINDING,Alox12b
354,17,GOMF_IRON_ION_BINDING,Alox12e
355,17,GOMF_IRON_ION_BINDING,Alox15
356,17,GOMF_IRON_ION_BINDING,Alox5
357,17,GOMF_IRON_ION_BINDING,Alox8
358,17,GOMF_IRON_ION_BINDING,Aloxe3
359,17,GOMF_IRON_ION_BINDING,Aox1
360,17,GOMF_IRON_ION_BINDING,Aox2
361,17,GOMF_IRON_ION_BINDING,Aox3
362,17,GOMF_IRON_ION_BINDING,Aox4
363,17,GOMF_IRON_ION_BINDING,Bbox1
364,17,GOMF_IRON_ION_BINDING,Calr
365,17,GOMF_IRON_ION_BINDING,Cdo1
366,17,GOMF_IRON_ION_BINDING,Ch25h
367,17,GOMF_IRON_ION_BINDING,Ciapin1
368,17,GOMF_IRON_ION_BINDING,Cisd1
369,17,GOMF_IRON_ION_BINDING,Cygb
370,17,GOMF_IRON_ION_BINDING,Cyp11a1
371,17,GOMF_IRON_ION_BINDING,Cyp11b2
372,17,GOMF_IRON_ION_BINDING,Cyp17a1
373,17,GOMF_IRON_ION_BINDING,Cyp19a1
374,17,GOMF_IRON_ION_BINDING,Cyp1a1
375,17,GOMF_IRON_ION_BINDING,Cyp1a2
376,17,GOMF_IRON_ION_BINDING,Cyp1b1
377,17,GOMF_IRON_ION_BINDING,Cyp20a1
378,17,GOMF_IRON_ION_BINDING,Cyp21a1
379,17,GOMF_IRON_ION_BINDING,Cyp24a1
380,17,GOMF_IRON_ION_BINDING,Cyp26a1
381,17,GOMF_IRON_ION_BINDING,Cyp26b1
382,17,GOMF_IRON_ION_BINDING,Cyp26c1
383,17,GOMF_IRON_ION_BINDING,Cyp27a1
384,17,GOMF_IRON_ION_BINDING,Cyp27b1
385,17,GOMF_IRON_ION_BINDING,Cyp2a12
386,17,GOMF_IRON_ION_BINDING,Cyp2b10
387,17,GOMF_IRON_ION_BINDING,Cyp2b19
388,17,GOMF_IRON_ION_BINDING,Cyp2b9
389,17,GOMF_IRON_ION_BINDING,Cyp2c23
390,17,GOMF_IRON_ION_BINDING,Cyp2c29
391,17,GOMF_IRON_ION_BINDING,Cyp2c37
392,17,GOMF_IRON_ION_BINDING,Cyp2c38
393,17,GOMF_IRON_ION_BINDING,Cyp2c39
394,17,GOMF_IRON_ION_BINDING,Cyp2c40
395,17,GOMF_IRON_ION_BINDING,Cyp2c50
396,17,GOMF_IRON_ION_BINDING,Cyp2c54
397,17,GOMF_IRON_ION_BINDING,Cyp2c55
398,17,GOMF_IRON_ION_BINDING,Cyp2c70
399,17,GOMF_IRON_ION_BINDING,Cyp2d10
400,17,GOMF_IRON_ION_BINDING,Cyp2d11
401,17,GOMF_IRON_ION_BINDING,Cyp2d26
402,17,GOMF_IRON_ION_BINDING,Cyp2d9
403,17,GOMF_IRON_ION_BINDING,Cyp2e1
404,17,GOMF_IRON_ION_BINDING,Cyp2f2
405,17,GOMF_IRON_ION_BINDING,Cyp2j5
406,17,GOMF_IRON_ION_BINDING,Cyp2j6
407,17,GOMF_IRON_ION_BINDING,Cyp2r1
408,17,GOMF_IRON_ION_BINDING,Cyp2s1
409,17,GOMF_IRON_ION_BINDING,Cyp2u1
410,17,GOMF_IRON_ION_BINDING,Cyp2w1
411,17,GOMF_IRON_ION_BINDING,Cyp39a1
412,17,GOMF_IRON_ION_BINDING,Cyp3a11
413,17,GOMF_IRON_ION_BINDING,Cyp3a13
414,17,GOMF_IRON_ION_BINDING,Cyp3a16
415,17,GOMF_IRON_ION_BINDING,Cyp3a25
416,17,GOMF_IRON_ION_BINDING,Cyp3a41a
417,17,GOMF_IRON_ION_BINDING,Cyp3a41b
418,17,GOMF_IRON_ION_BINDING,Cyp46a1
419,17,GOMF_IRON_ION_BINDING,Cyp4a10
420,17,GOMF_IRON_ION_BINDING,Cyp4a12a
421,17,GOMF_IRON_ION_BINDING,Cyp4a12b
422,17,GOMF_IRON_ION_BINDING,Cyp4a14
423,17,GOMF_IRON_ION_BINDING,Cyp4b1
424,17,GOMF_IRON_ION_BINDING,Cyp4f14
425,17,GOMF_IRON_ION_BINDING,Cyp4f18
426,17,GOMF_IRON_ION_BINDING,Cyp4v3
427,17,GOMF_IRON_ION_BINDING,Cyp4x1
428,17,GOMF_IRON_ION_BINDING,Cyp51
429,17,GOMF_IRON_ION_BINDING,Cyp7a1
430,17,GOMF_IRON_ION_BINDING,Cyp7b1
431,17,GOMF_IRON_ION_BINDING,Cyp8b1
432,17,GOMF_IRON_ION_BINDING,Dnajc24
433,17,GOMF_IRON_ION_BINDING,Dohh
434,17,GOMF_IRON_ION_BINDING,Dpyd
435,17,GOMF_IRON_ION_BINDING,Egln1
436,17,GOMF_IRON_ION_BINDING,Egln2
437,17,GOMF_IRON_ION_BINDING,Egln3
438,17,GOMF_IRON_ION_BINDING,Ethe1
439,17,GOMF_IRON_ION_BINDING,Fa2h
440,17,GOMF_IRON_ION_BINDING,Fbxl5
441,17,GOMF_IRON_ION_BINDING,Fdx1
442,17,GOMF_IRON_ION_BINDING,Fech
443,17,GOMF_IRON_ION_BINDING,Ftdc1
444,17,GOMF_IRON_ION_BINDING,Ftdc2
445,17,GOMF_IRON_ION_BINDING,Fth1
446,17,GOMF_IRON_ION_BINDING,Fthl17a
447,17,GOMF_IRON_ION_BINDING,Fthl17b
448,17,GOMF_IRON_ION_BINDING,Fthl17c
449,17,GOMF_IRON_ION_BINDING,Fthl17d
450,17,GOMF_IRON_ION_BINDING,Fthl17e
451,17,GOMF_IRON_ION_BINDING,Fthl17f
452,17,GOMF_IRON_ION_BINDING,Ftl1
453,17,GOMF_IRON_ION_BINDING,Ftl1-ps2
454,17,GOMF_IRON_ION_BINDING,Ftl2-ps
455,17,GOMF_IRON_ION_BINDING,Ftmt
456,17,GOMF_IRON_ION_BINDING,Fto
457,17,GOMF_IRON_ION_BINDING,Fxn
458,17,GOMF_IRON_ION_BINDING,Haao
459,17,GOMF_IRON_ION_BINDING,Hba-x
460,17,GOMF_IRON_ION_BINDING,Heph
461,17,GOMF_IRON_ION_BINDING,Hif1an
462,17,GOMF_IRON_ION_BINDING,Hpd
463,17,GOMF_IRON_ION_BINDING,Inhca
464,17,GOMF_IRON_ION_BINDING,Isca2
465,17,GOMF_IRON_ION_BINDING,Iscu
466,17,GOMF_IRON_ION_BINDING,Jmjd6
467,17,GOMF_IRON_ION_BINDING,Kdm3a
468,17,GOMF_IRON_ION_BINDING,Kdm7a
469,17,GOMF_IRON_ION_BINDING,Lcn2
470,17,GOMF_IRON_ION_BINDING,Ltf
471,17,GOMF_IRON_ION_BINDING,Meltf
472,17,GOMF_IRON_ION_BINDING,Miox
473,17,GOMF_IRON_ION_BINDING,Msmo1
474,17,GOMF_IRON_ION_BINDING,Nfu1
475,17,GOMF_IRON_ION_BINDING,Nt5e
476,17,GOMF_IRON_ION_BINDING,Ogfod1
477,17,GOMF_IRON_ION_BINDING,Ogfod2
478,17,GOMF_IRON_ION_BINDING,Ogfod3
479,17,GOMF_IRON_ION_BINDING,P3h1
480,17,GOMF_IRON_ION_BINDING,P3h2
481,17,GOMF_IRON_ION_BINDING,P3h3
482,17,GOMF_IRON_ION_BINDING,P4ha1
483,17,GOMF_IRON_ION_BINDING,P4ha2
484,17,GOMF_IRON_ION_BINDING,P4ha3
485,17,GOMF_IRON_ION_BINDING,P4htm
486,17,GOMF_IRON_ION_BINDING,Pah
487,17,GOMF_IRON_ION_BINDING,Phf2
488,17,GOMF_IRON_ION_BINDING,Phf8
489,17,GOMF_IRON_ION_BINDING,Phyh
490,17,GOMF_IRON_ION_BINDING,Plod1
491,17,GOMF_IRON_ION_BINDING,Plod2
492,17,GOMF_IRON_ION_BINDING,Plod3
493,17,GOMF_IRON_ION_BINDING,Ppef1
494,17,GOMF_IRON_ION_BINDING,Ppef2
495,17,GOMF_IRON_ION_BINDING,Ptgis
496,17,GOMF_IRON_ION_BINDING,Riox1
497,17,GOMF_IRON_ION_BINDING,Rplp2
498,17,GOMF_IRON_ION_BINDING,Rplp2-ps1
499,17,GOMF_IRON_ION_BINDING,Rrm2
500,17,GOMF_IRON_ION_BINDING,Sc5d
501,17,GOMF_IRON_ION_BINDING,Scd1
502,17,GOMF_IRON_ION_BINDING,Scd2
503,17,GOMF_IRON_ION_BINDING,Scd3
504,17,GOMF_IRON_ION_BINDING,Scd4
505,17,GOMF_IRON_ION_BINDING,Slc11a2
506,17,GOMF_IRON_ION_BINDING,Snca
507,17,GOMF_IRON_ION_BINDING,Tbxas1
508,17,GOMF_IRON_ION_BINDING,Tet1
509,17,GOMF_IRON_ION_BINDING,Tet2
510,17,GOMF_IRON_ION_BINDING,Th
511,17,GOMF_IRON_ION_BINDING,Tph1
512,17,GOMF_IRON_ION_BINDING,Tph2
513,17,GOMF_IRON_ION_BINDING,Trf
514,17,GOMF_IRON_ION_BINDING,Tyw5
515,17,GOMF_IRON_ION_BINDING,Urod
516,17,GOMF_IRON_ION_BINDING,Xdh
517,18,GOMF_IRON_ION_TRANSMEMBRANE_TRANSPORTER_ACTIVITY,Mmgt1
518,18,GOMF_IRON_ION_TRANSMEMBRANE_TRANSPORTER_ACTIVITY,Slc11a1
519,18,GOMF_IRON_ION_TRANSMEMBRANE_TRANSPORTER_ACTIVITY,Slc11a2
520,18,GOMF_IRON_ION_TRANSMEMBRANE_TRANSPORTER_ACTIVITY,Slc25a28
521,18,GOMF_IRON_ION_TRANSMEMBRANE_TRANSPORTER_ACTIVITY,Slc25a37
522,18,GOMF_IRON_ION_TRANSMEMBRANE_TRANSPORTER_ACTIVITY,Slc39a14
523,18,GOMF_IRON_ION_TRANSMEMBRANE_TRANSPORTER_ACTIVITY,Slc40a1
524,18,GOMF_IRON_ION_TRANSMEMBRANE_TRANSPORTER_ACTIVITY,Tfrc
525,19,GOMF_OXIDOREDUCTASE_ACTIVITY_ACTING_ON_PAIRED_DONORS_WITH_INCORPORATION_OR_REDUCTION_OF_MOLECULAR_OXYGEN_REDUCED_IRON_SULFUR_PROTEIN_AS_ONE_DONOR_AND_INCORPORATION_OF_ONE_ATOM_OF_OXYGEN,Ahr
526,19,GOMF_OXIDOREDUCTASE_ACTIVITY_ACTING_ON_PAIRED_DONORS_WITH_INCORPORATION_OR_REDUCTION_OF_MOLECULAR_OXYGEN_REDUCED_IRON_SULFUR_PROTEIN_AS_ONE_DONOR_AND_INCORPORATION_OF_ONE_ATOM_OF_OXYGEN,Cyp11a1
527,19,GOMF_OXIDOREDUCTASE_ACTIVITY_ACTING_ON_PAIRED_DONORS_WITH_INCORPORATION_OR_REDUCTION_OF_MOLECULAR_OXYGEN_REDUCED_IRON_SULFUR_PROTEIN_AS_ONE_DONOR_AND_INCORPORATION_OF_ONE_ATOM_OF_OXYGEN,Cyp11b1
528,19,GOMF_OXIDOREDUCTASE_ACTIVITY_ACTING_ON_PAIRED_DONORS_WITH_INCORPORATION_OR_REDUCTION_OF_MOLECULAR_OXYGEN_REDUCED_IRON_SULFUR_PROTEIN_AS_ONE_DONOR_AND_INCORPORATION_OF_ONE_ATOM_OF_OXYGEN,Cyp11b2
529,19,GOMF_OXIDOREDUCTASE_ACTIVITY_ACTING_ON_PAIRED_DONORS_WITH_INCORPORATION_OR_REDUCTION_OF_MOLECULAR_OXYGEN_REDUCED_IRON_SULFUR_PROTEIN_AS_ONE_DONOR_AND_INCORPORATION_OF_ONE_ATOM_OF_OXYGEN,Cyp2u1
530,19,GOMF_OXIDOREDUCTASE_ACTIVITY_ACTING_ON_PAIRED_DONORS_WITH_INCORPORATION_OR_REDUCTION_OF_MOLECULAR_OXYGEN_REDUCED_IRON_SULFUR_PROTEIN_AS_ONE_DONOR_AND_INCORPORATION_OF_ONE_ATOM_OF_OXYGEN,Cyp4a10
531,19,GOMF_OXIDOREDUCTASE_ACTIVITY_ACTING_ON_PAIRED_DONORS_WITH_INCORPORATION_OR_REDUCTION_OF_MOLECULAR_OXYGEN_REDUCED_IRON_SULFUR_PROTEIN_AS_ONE_DONOR_AND_INCORPORATION_OF_ONE_ATOM_OF_OXYGEN,Cyp4a12a
532,19,GOMF_OXIDOREDUCTASE_ACTIVITY_ACTING_ON_PAIRED_DONORS_WITH_INCORPORATION_OR_REDUCTION_OF_MOLECULAR_OXYGEN_REDUCED_IRON_SULFUR_PROTEIN_AS_ONE_DONOR_AND_INCORPORATION_OF_ONE_ATOM_OF_OXYGEN,Cyp4a12b
533,19,GOMF_OXIDOREDUCTASE_ACTIVITY_ACTING_ON_PAIRED_DONORS_WITH_INCORPORATION_OR_REDUCTION_OF_MOLECULAR_OXYGEN_REDUCED_IRON_SULFUR_PROTEIN_AS_ONE_DONOR_AND_INCORPORATION_OF_ONE_ATOM_OF_OXYGEN,Cyp4a14
534,19,GOMF_OXIDOREDUCTASE_ACTIVITY_ACTING_ON_PAIRED_DONORS_WITH_INCORPORATION_OR_REDUCTION_OF_MOLECULAR_OXYGEN_REDUCED_IRON_SULFUR_PROTEIN_AS_ONE_DONOR_AND_INCORPORATION_OF_ONE_ATOM_OF_OXYGEN,Cyp4a29
535,19,GOMF_OXIDOREDUCTASE_ACTIVITY_ACTING_ON_PAIRED_DONORS_WITH_INCORPORATION_OR_REDUCTION_OF_MOLECULAR_OXYGEN_REDUCED_IRON_SULFUR_PROTEIN_AS_ONE_DONOR_AND_INCORPORATION_OF_ONE_ATOM_OF_OXYGEN,Cyp4a30b
536,19,GOMF_OXIDOREDUCTASE_ACTIVITY_ACTING_ON_PAIRED_DONORS_WITH_INCORPORATION_OR_REDUCTION_OF_MOLECULAR_OXYGEN_REDUCED_IRON_SULFUR_PROTEIN_AS_ONE_DONOR_AND_INCORPORATION_OF_ONE_ATOM_OF_OXYGEN,Cyp4a31
537,19,GOMF_OXIDOREDUCTASE_ACTIVITY_ACTING_ON_PAIRED_DONORS_WITH_INCORPORATION_OR_REDUCTION_OF_MOLECULAR_OXYGEN_REDUCED_IRON_SULFUR_PROTEIN_AS_ONE_DONOR_AND_INCORPORATION_OF_ONE_ATOM_OF_OXYGEN,Cyp4a32
538,19,GOMF_OXIDOREDUCTASE_ACTIVITY_ACTING_ON_PAIRED_DONORS_WITH_INCORPORATION_OR_REDUCTION_OF_MOLECULAR_OXYGEN_REDUCED_IRON_SULFUR_PROTEIN_AS_ONE_DONOR_AND_INCORPORATION_OF_ONE_ATOM_OF_OXYGEN,Cyp4f14
539,19,GOMF_OXIDOREDUCTASE_ACTIVITY_ACTING_ON_PAIRED_DONORS_WITH_INCORPORATION_OR_REDUCTION_OF_MOLECULAR_OXYGEN_REDUCED_IRON_SULFUR_PROTEIN_AS_ONE_DONOR_AND_INCORPORATION_OF_ONE_ATOM_OF_OXYGEN,Cyp4f15
540,19,GOMF_OXIDOREDUCTASE_ACTIVITY_ACTING_ON_PAIRED_DONORS_WITH_INCORPORATION_OR_REDUCTION_OF_MOLECULAR_OXYGEN_REDUCED_IRON_SULFUR_PROTEIN_AS_ONE_DONOR_AND_INCORPORATION_OF_ONE_ATOM_OF_OXYGEN,Cyp4f18
541,19,GOMF_OXIDOREDUCTASE_ACTIVITY_ACTING_ON_PAIRED_DONORS_WITH_INCORPORATION_OR_REDUCTION_OF_MOLECULAR_OXYGEN_REDUCED_IRON_SULFUR_PROTEIN_AS_ONE_DONOR_AND_INCORPORATION_OF_ONE_ATOM_OF_OXYGEN,Fdx1
542,19,GOMF_OXIDOREDUCTASE_ACTIVITY_ACTING_ON_PAIRED_DONORS_WITH_INCORPORATION_OR_REDUCTION_OF_MOLECULAR_OXYGEN_REDUCED_IRON_SULFUR_PROTEIN_AS_ONE_DONOR_AND_INCORPORATION_OF_ONE_ATOM_OF_OXYGEN,Hmox1
543,20,REACTOME_IRON_UPTAKE_AND_TRANSPORT,Aco1
544,20,REACTOME_IRON_UPTAKE_AND_TRANSPORT,Atp6ap1
545,20,REACTOME_IRON_UPTAKE_AND_TRANSPORT,Atp6v0a1
546,20,REACTOME_IRON_UPTAKE_AND_TRANSPORT,Atp6v0a2
547,20,REACTOME_IRON_UPTAKE_AND_TRANSPORT,Atp6v0a4
548,20,REACTOME_IRON_UPTAKE_AND_TRANSPORT,Atp6v0b
549,20,REACTOME_IRON_UPTAKE_AND_TRANSPORT,Atp6v0c
550,20,REACTOME_IRON_UPTAKE_AND_TRANSPORT,Atp6v0d1
551,20,REACTOME_IRON_UPTAKE_AND_TRANSPORT,Atp6v0d2
552,20,REACTOME_IRON_UPTAKE_AND_TRANSPORT,Atp6v0e
553,20,REACTOME_IRON_UPTAKE_AND_TRANSPORT,Atp6v0e2
554,20,REACTOME_IRON_UPTAKE_AND_TRANSPORT,Atp6v1a
555,20,REACTOME_IRON_UPTAKE_AND_TRANSPORT,Atp6v1b1
556,20,REACTOME_IRON_UPTAKE_AND_TRANSPORT,Atp6v1b2
557,20,REACTOME_IRON_UPTAKE_AND_TRANSPORT,Atp6v1c1
558,20,REACTOME_IRON_UPTAKE_AND_TRANSPORT,Atp6v1c2
559,20,REACTOME_IRON_UPTAKE_AND_TRANSPORT,Atp6v1d
560,20,REACTOME_IRON_UPTAKE_AND_TRANSPORT,Atp6v1e1
561,20,REACTOME_IRON_UPTAKE_AND_TRANSPORT,Atp6v1e2
562,20,REACTOME_IRON_UPTAKE_AND_TRANSPORT,Atp6v1f
563,20,REACTOME_IRON_UPTAKE_AND_TRANSPORT,Atp6v1g1
564,20,REACTOME_IRON_UPTAKE_AND_TRANSPORT,Atp6v1g2
565,20,REACTOME_IRON_UPTAKE_AND_TRANSPORT,Atp6v1g3
566,20,REACTOME_IRON_UPTAKE_AND_TRANSPORT,Atp6v1h
567,20,REACTOME_IRON_UPTAKE_AND_TRANSPORT,Cand1
568,20,REACTOME_IRON_UPTAKE_AND_TRANSPORT,Cp
569,20,REACTOME_IRON_UPTAKE_AND_TRANSPORT,Cul1
570,20,REACTOME_IRON_UPTAKE_AND_TRANSPORT,Cybrd1
571,20,REACTOME_IRON_UPTAKE_AND_TRANSPORT,Fbxl5
572,20,REACTOME_IRON_UPTAKE_AND_TRANSPORT,Flvcr1
573,20,REACTOME_IRON_UPTAKE_AND_TRANSPORT,Fth1
574,20,REACTOME_IRON_UPTAKE_AND_TRANSPORT,Ftl2-ps
575,20,REACTOME_IRON_UPTAKE_AND_TRANSPORT,Ftmt
576,20,REACTOME_IRON_UPTAKE_AND_TRANSPORT,Heph
577,20,REACTOME_IRON_UPTAKE_AND_TRANSPORT,Hfe
578,20,REACTOME_IRON_UPTAKE_AND_TRANSPORT,Hmox1
579,20,REACTOME_IRON_UPTAKE_AND_TRANSPORT,Hmox2
580,20,REACTOME_IRON_UPTAKE_AND_TRANSPORT,Ireb2
581,20,REACTOME_IRON_UPTAKE_AND_TRANSPORT,Lcn2
582,20,REACTOME_IRON_UPTAKE_AND_TRANSPORT,Mcoln1
583,20,REACTOME_IRON_UPTAKE_AND_TRANSPORT,Nedd8
584,20,REACTOME_IRON_UPTAKE_AND_TRANSPORT,Rps27a
585,20,REACTOME_IRON_UPTAKE_AND_TRANSPORT,Skp1
586,20,REACTOME_IRON_UPTAKE_AND_TRANSPORT,Slc11a2
587,20,REACTOME_IRON_UPTAKE_AND_TRANSPORT,Slc22a17
588,20,REACTOME_IRON_UPTAKE_AND_TRANSPORT,Slc40a1
589,20,REACTOME_IRON_UPTAKE_AND_TRANSPORT,Slc46a1
590,20,REACTOME_IRON_UPTAKE_AND_TRANSPORT,Steap3
591,20,REACTOME_IRON_UPTAKE_AND_TRANSPORT,Steap4
592,20,REACTOME_IRON_UPTAKE_AND_TRANSPORT,Tcirg1
593,20,REACTOME_IRON_UPTAKE_AND_TRANSPORT,Tfr2
594,20,REACTOME_IRON_UPTAKE_AND_TRANSPORT,Tfrc
595,20,REACTOME_IRON_UPTAKE_AND_TRANSPORT,Trf
596,20,REACTOME_IRON_UPTAKE_AND_TRANSPORT,Uba52
597,20,REACTOME_IRON_UPTAKE_AND_TRANSPORT,Uba52rt
598,20,REACTOME_IRON_UPTAKE_AND_TRANSPORT,Ubb
599,20,REACTOME_IRON_UPTAKE_AND_TRANSPORT,Ubc
600,21,REACTOME_MITOCHONDRIAL_IRON_SULFUR_CLUSTER_BIOGENESIS,Fdx1
601,21,REACTOME_MITOCHONDRIAL_IRON_SULFUR_CLUSTER_BIOGENESIS,Fdx2
602,21,REACTOME_MITOCHONDRIAL_IRON_SULFUR_CLUSTER_BIOGENESIS,Fdxr
603,21,REACTOME_MITOCHONDRIAL_IRON_SULFUR_CLUSTER_BIOGENESIS,Fxn
604,21,REACTOME_MITOCHONDRIAL_IRON_SULFUR_CLUSTER_BIOGENESIS,Glrx5
605,21,REACTOME_MITOCHONDRIAL_IRON_SULFUR_CLUSTER_BIOGENESIS,Hscb
606,21,REACTOME_MITOCHONDRIAL_IRON_SULFUR_CLUSTER_BIOGENESIS,Isca1
607,21,REACTOME_MITOCHONDRIAL_IRON_SULFUR_CLUSTER_BIOGENESIS,Isca2
608,21,REACTOME_MITOCHONDRIAL_IRON_SULFUR_CLUSTER_BIOGENESIS,Iscu
609,21,REACTOME_MITOCHONDRIAL_IRON_SULFUR_CLUSTER_BIOGENESIS,Lyrm4
610,21,REACTOME_MITOCHONDRIAL_IRON_SULFUR_CLUSTER_BIOGENESIS,Nfs1
611,22,WP_IRON_HOMEOSTASIS,Fth1
612,22,WP_IRON_HOMEOSTASIS,Ftl1
613,22,WP_IRON_HOMEOSTASIS,Hamp
614,22,WP_IRON_HOMEOSTASIS,Hamp2
615,22,WP_IRON_HOMEOSTASIS,Hfe
616,22,WP_IRON_HOMEOSTASIS,Hjv
617,22,WP_IRON_HOMEOSTASIS,Il1a
618,22,WP_IRON_HOMEOSTASIS,Il6
619,22,WP_IRON_HOMEOSTASIS,Il6ra
620,22,WP_IRON_HOMEOSTASIS,Ireb2
621,22,WP_IRON_HOMEOSTASIS,Slc40a1
622,22,WP_IRON_HOMEOSTASIS,Tfr2
623,22,WP_IRON_HOMEOSTASIS,Tnf
624,22,WP_IRON_HOMEOSTASIS,Trf
